{
  "type": "travelersbackpack:backpack_shaped",
  "category": "misc",
  "key": {
    "A": {
      "item": "minecraft:dragon_breath"
    },
    "B": {
      "item": "minecraft:dragon_egg"
    },
    "C": {
      "item": "minecraft:end_stone"
    },
    "D": {
      "item": "travelersbackpack:standard"
    },
    "E": {
      "tag": "c:ender_pearls"
    }
  },
  "pattern": [
    "ABA",
    "CDC",
    "ECE"
  ],
  "result": {
    "item": "travelersbackpack:dragon"
  },
  "show_notification": true
}