{
  "type": "doapi:conditional",
  "conditions": [
    {
      "type": "forge:mod_loaded",
      "modid": "create"
    }
  ],
  "recipe": {
    "type": "create:mixing",
    "ingredients": [
      {
        "item": "vinery:red_savanna_grapejuice"
      },
      {
        "item": "minecraft:spider_eye"
      },
      {
        "item": "minecraft:honey_bottle"
      },
      {
        "item": "vinery:wine_bottle"
      }
    ],
    "results": [
      {
        "item": "vinery:chenet_wine"
      }
    ]
  }
}