{
  "type": "doapi:conditional",
  "conditions": [
    {
      "type": "forge:mod_loaded",
      "modid": "create"
    }
  ],
  "recipe": {
    "type": "create:mixing",
    "ingredients": [
      {
        "tag": "vinery:grapejuice"
      },
      {
        "item": "minecraft:arrow"
      },
      {
        "item": "minecraft:arrow"
      },
      {
        "item": "vinery:wine_bottle"
      }
    ],
    "results": [
      {
        "item": "vinery:villagers_fright"
      }
    ]
  }
}