{
  "species": "cobblemon:relicanth",
  "order": 0,
  "variations": [
    {
      "aspects": [],
      "poser": "cobblemon:relicanth",
      "model": "cobblemon:relicanth_male.geo",
      "texture": "cobblemon:textures/pokemon/0369_relicanth/relicanth.png",
      "layers": [
        {
          "name": "emissive",
          "texture": "cobblemon:textures/pokemon/0369_relicanth/relicanth_emissive.png",
          "emissive": true
        }
      ]
    },
    {
      "aspects": [
        "shiny"
      ],
      "texture": "cobblemon:textures/pokemon/0369_relicanth/relicanth_shiny.png",
      "layers": [
        {
          "name": "emissive",
          "texture": "cobblemon:textures/pokemon/0369_relicanth/relicanth_emissive_shiny.png",
          "emissive": true
        }
      ]
    }
  ]
}