{
  "species": "cobblemon:charmeleon",
  "order": 0,
  "variations": [
    {
      "aspects": [],
      "poser": "cobblemon:charmeleon",
      "model": "cobblemon:charmeleon.geo",
      "texture": "cobblemon:textures/pokemon/0005_charmeleon/charmeleon.png",
      "layers": [
        {
          "name": "glow",
          "texture": "cobblemon:textures/pokemon/0005_charmeleon/charmeleon_emissive.png",
          "emissive": true,
          "translucent": false
        },
        {
          "name": "flame",
          "texture": {
            "frames": [
              "cobblemon:textures/pokemon/0005_charmeleon/flame/tail1.png",
              "cobblemon:textures/pokemon/0005_charmeleon/flame/tail2.png",
              "cobblemon:textures/pokemon/0005_charmeleon/flame/tail3.png",
              "cobblemon:textures/pokemon/0005_charmeleon/flame/tail4.png"
            ],
            "fps": 10,
            "loop": true
          },
          "emissive": true
        }
      ]
    },
    {
      "aspects": [
        "shiny"
      ],
      "texture": "cobblemon:textures/pokemon/0005_charmeleon/charmeleon_shiny.png",
      "layers": [
        {
          "name": "glow",
          "texture": "cobblemon:textures/pokemon/0005_charmeleon/charmeleon_shiny_emissive.png",
          "emissive": true,
          "translucent": true
        }
      ]
    }
  ]
}
