{
  "species": "cobblemon:typhlosion",
  "order": 1,
  "variations": [
    {
      "aspects": ["hisuian"],
      "poser": "cobblemon:typhlosion_hisuian",
      "model": "cobblemon:typhlosion_hisuian.geo",
      "texture": "cobblemon:textures/pokemon/0157_typhlosion/typhlosion_hisuian.png",
      "layers": [
        {
          "name": "emissive",
          "texture": "cobblemon:textures/pokemon/0157_typhlosion/typhlosion_hisuian_emissive.png",
          "emissive": true,
          "translucent": true
        }
      ]
    },
    {
      "aspects": [
        "hisuian",
		"shiny"
      ],
      "texture": "cobblemon:textures/pokemon/0157_typhlosion/typhlosion_hisuian_shiny.png"
    },
	{
      "aspects": [
        "hisuian",
		"female"
      ],
      "texture": "cobblemon:textures/pokemon/0157_typhlosion/typhlosion_hisuian_female.png"
    },
	{
      "aspects": [
        "hisuian",
		"shiny",
		"female"
      ],
      "texture": "cobblemon:textures/pokemon/0157_typhlosion/typhlosion_hisuian_female_shiny.png"
    }
    
  ]
}
