{
  "species": "cobblemon:monferno",
  "order": 0,
  "variations": [
    {
      "aspects": [],
      "poser": "cobblemon:monferno",
      "model": "cobblemon:monferno.geo",
      "texture": "cobblemon:textures/pokemon/0391_monferno/monferno.png",
      "layers": [
        {
          "name": "emissive",
          "emissive": true,
          "texture": "cobblemon:textures/pokemon/0391_monferno/monferno_emissive.png",
          "translucent": true
        }
      ]
    },
    {
      "aspects": [
        "shiny"
      ],
      "texture": "cobblemon:textures/pokemon/0391_monferno/monferno_shiny.png"
    }
  ]
}
