{
  "species": "cobblemon:zoroark",
  "order": 0,
  "variations": [
    {
      "aspects": [],
      "poser": "cobblemon:zoroark",
      "model": "cobblemon:zoroark.geo",
      "texture": "cobblemon:textures/pokemon/0571_zoroark/zoroark.png",
      "layers": [
        {}
      ]
    },
    {
      "aspects": [
        "shiny"
      ],
      "texture": "cobblemon:textures/pokemon/0571_zoroark/zoroark_shiny.png"
    },
{
      "aspects": [
        "female"
      ],
      "texture": "cobblemon:textures/pokemon/0571_zoroark/zoroark_female.png"
    },
{
      "aspects": [
        "shiny","female"
      ],
      "texture": "cobblemon:textures/pokemon/0571_zoroark/zoroark_female_shiny.png"
    }
  ]
}