{
  "species": "cobblemon:espeon",
  "order": 0,
  "variations": [
    {
      "aspects": [],
      "poser": "cobblemon:espeon",
      "model": "cobblemon:espeon.geo",
      "texture": "cobblemon:textures/pokemon/0196_espeon/espeon.png",
      "layers": [
        {
              "name": "emissive",
              "emissive": true,
              "texture": "cobblemon:textures/pokemon/0196_espeon/espeon_emissive.png",
              "translucent": true
        }
      ]
    },
    {
      "aspects": [
        "shiny"
      ],
      "texture": "cobblemon:textures/pokemon/0196_espeon/espeon_shiny.png",
      "layers": [
        {
              "name": "emissive",
              "emissive": true,
              "texture": "cobblemon:textures/pokemon/0196_espeon/espeon_emissive.png",
              "translucent": true
        }
      ]
    }
  ]
}
