{
  "species": "cobblemon:infernape",
  "order": 0,
  "variations": [
    {
      "aspects": [],
      "poser": "cobblemon:infernape",
      "model": "cobblemon:infernape.geo",
      "texture": "cobblemon:textures/pokemon/0392_infernape/infernape.png",
      "layers": [
        {
          "name": "emissive",
          "emissive": true,
          "texture": "cobblemon:textures/pokemon/0392_infernape/infernape_emissive.png",
          "translucent": true
        }
      ]
    },
    {
      "aspects": [
        "shiny"
      ],
      "texture": "cobblemon:textures/pokemon/0392_infernape/infernape_shiny.png"
    }
  ]
}
