{
  "species": "cobblemon:dewott",
  "order": 0,
  "variations": [
    {
      "aspects": [],
      "poser": "cobblemon:dewott",
      "model": "cobblemon:dewott.geo",
      "texture": "cobblemon:textures/pokemon/0502_dewott/dewott.png",
      "layers": []
    },
    {
      "aspects": [
        "shiny"
      ],
      "texture": "cobblemon:textures/pokemon/0502_dewott/dewott_shiny.png"
    },
{
      "aspects": [
        "female"
      ],
      "texture": "cobblemon:textures/pokemon/0502_dewott/dewott_female.png"
    },
{
      "aspects": [
        "shiny","female"
      ],
      "texture": "cobblemon:textures/pokemon/0502_dewott/dewott_female_shiny.png"
    }
  ]
}