{
  "species": "cobblemon:quilava",
  "order": 0,
  "variations": [
    {
      "aspects": [],
      "poser": "cobblemon:quilava",
      "model": "cobblemon:quilava.geo",
      "texture": "cobblemon:textures/pokemon/0156_quilava/quilava.png",
      "layers": [
        {
          "name": "emissive",
          "texture": "cobblemon:textures/pokemon/0156_quilava/quilava_emissive.png",
          "emissive": true,
          "translucent": true
        }
      ]
    },
    {
      "aspects": [
        "shiny"
      ],
      "texture": "cobblemon:textures/pokemon/0156_quilava/quilava_shiny.png"
    },
{
      "aspects": [
        "female"
      ],
      "texture": "cobblemon:textures/pokemon/0156_quilava/quilava_female.png"
    },
{
      "aspects": [
        "shiny","female"
      ],
      "texture": "cobblemon:textures/pokemon/0156_quilava/quilava_female_shiny.png"
    }
  ]
}