{
  "species": "cobblemon:charmander",
  "order": 0,
  "variations": [
    {
      "aspects": [],
      "poser": "cobblemon:charmander",
      "model": "cobblemon:charmander.geo",
      "texture": "cobblemon:textures/pokemon/0004_charmander/charmander.png",
      "layers": [
        {
          "name": "flame",
          "texture": {
            "frames": [
              "cobblemon:textures/pokemon/0004_charmander/flame/tail1.png",
              "cobblemon:textures/pokemon/0004_charmander/flame/tail2.png",
              "cobblemon:textures/pokemon/0004_charmander/flame/tail3.png",
              "cobblemon:textures/pokemon/0004_charmander/flame/tail4.png"
            ],
            "fps": 10,
            "loop": true
          },
          "emissive": true
        },
        {
          "name": "glow",
          "texture": "cobblemon:textures/pokemon/0004_charmander/charmander_emissive.png",
          "emissive": true,
          "translucent": true
        }
      ]
    },
    {
      "aspects": ["shiny"],
      "texture": "cobblemon:textures/pokemon/0004_charmander/charmander_shiny.png",
      "layers": [
        {
          "name": "glow",
          "texture": "cobblemon:textures/pokemon/0004_charmander/charmander_shiny_emissive.png",
          "emissive": true,
          "translucent": true
        }
      ]
    }
  ]
}
