{
  "type": "minecraft:crafting_shaped",
  "category": "misc",
  "pattern": [
    "012",
    "345",
    "678"
  ],
  "key": {
    "0": {
      "item": "minecraft:pink_wool"
    },
    "1": {
      "item": "minecraft:pink_wool"
    },
    "2": {
      "item": "minecraft:pink_wool"
    },
    "3": {
      "item": "minecraft:pink_wool"
    },
    "4": {
      "item": "minecraft:peony"
    },
    "5": {
      "item": "minecraft:pink_wool"
    },
    "6": {
      "item": "minecraft:pink_wool"
    },
    "7": {
      "item": "minecraft:pink_wool"
    },
    "8": {
      "item": "minecraft:pink_wool"
    }
  },
  "result": {
    "item": "luphieclutteredmod:luphie_pastel_strawberry_wallpaper",
    "count": 9
  }
}