{
  "species": "cobblemon:decidueye",
  "order": 0,
  "variations": [
    {
      "aspects": [],
      "poser": "cobblemon:decidueye",
      "model": "cobblemon:decidueye.geo",
      "texture": "cobblemon:textures/pokemon/0724_decidueye/decidueye.png",
      "layers": []
    },
    {
      "aspects": [
        "shiny"
      ],
      "texture": "cobblemon:textures/pokemon/0724_decidueye/decidueye_shiny.png"
    },
{
      "aspects": [
        "female"
      ],
      "texture": "cobblemon:textures/pokemon/0724_decidueye/decidueye_female.png"
    },
{
      "aspects": [
        "shiny","female"
      ],
      "texture": "cobblemon:textures/pokemon/0724_decidueye/decidueye_female_shiny.png"
    }
  ]
}