{
  "species": "cobblemon:decidueye",
  "order": 1,
  "variations": [
    {
      "aspects": ["hisuian"],
      "poser": "cobblemon:decidueye_hisuian",
      "model": "cobblemon:decidueye_hisuian.geo",
      "texture": "cobblemon:textures/pokemon/0724_decidueye/decidueye_hisuian.png",
      "layers": []
    },
    {
      "aspects": [
        "hisuian",
		"shiny"
      ],
      "texture": "cobblemon:textures/pokemon/0724_decidueye/decidueye_hisuian_shiny.png"
    },
	{
      "aspects": [
        "hisuian",
		"female"
      ],
      "texture": "cobblemon:textures/pokemon/0724_decidueye/decidueye_hisuian_female.png"
    },
	{
      "aspects": [
        "hisuian",
		"shiny",
		"female"
      ],
      "texture": "cobblemon:textures/pokemon/0724_decidueye/decidueye_hisuian_female_shiny.png"
    }
    
  ]
}