{
  "type": "minecraft:crafting_shaped",
  "pattern": [
    "#ND",
    "GBX",
    "DMP"
  ],
  "key": {
    "#": {
      "item": "minecraft:sugar"
    },
    "N": {
      "item": "minecraft:nether_wart"
    },
    "D": {
      "item": "things:gleaming_powder"
    },
    "G": {
      "item": "minecraft:glistering_melon_slice"
    },
    "B": {
      "tag": "c:organic_dust"
    },
    "X": {
      "item": "minecraft:ghast_tear"
    },
    "M": {
      "item": "minecraft:magma_cream"
    },
    "P": {
      "item": "minecraft:phantom_membrane"
    }
  },
  "result": {
    "item": "things:placebo",
    "count": 1
  }
}