{
  "type": "minecraft:block",
  "pools": [
    {
      "rolls": 1.0,
      "bonus_rolls": 0.0,
      "entries": [
        {
          "type": "minecraft:item",
          "weight": 5,
          "functions": [
            {
              "function": "minecraft:enchant_with_levels",
              "levels": {
                "type": "minecraft:uniform",
                "min": 34.0,
                "max": 91.0
              },
              "treasure": true
            },
            {
              "function": "minecraft:set_damage",
              "damage": {
                "type": "minecraft:uniform",
                "min": 0.3,
                "max": 0.8
              },
              "add": false
            },
            {
              "function": "supplementaries:curse_loot"
            }
          ],
          "name": "minecraft:diamond_helmet"
        },
        {
          "type": "minecraft:item",
          "weight": 5,
          "functions": [
            {
              "function": "minecraft:enchant_with_levels",
              "levels": {
                "type": "minecraft:uniform",
                "min": 34.0,
                "max": 91.0
              },
              "treasure": true
            },
            {
              "function": "minecraft:set_damage",
              "damage": {
                "type": "minecraft:uniform",
                "min": 0.3,
                "max": 0.8
              },
              "add": false
            },
            {
              "function": "supplementaries:curse_loot"
            }
          ],
          "name": "minecraft:diamond_boots"
        },
        {
          "type": "minecraft:item",
          "weight": 10,
          "functions": [
            {
              "function": "minecraft:set_count",
              "count": {
                "type": "minecraft:uniform",
                "min": 10.0,
                "max": 64.0
              },
              "add": false
            }
          ],
          "name": "minecraft:emerald"
        },
        {
          "type": "minecraft:item",
          "weight": 10,
          "functions": [
            {
              "function": "minecraft:set_count",
              "count": {
                "type": "minecraft:uniform",
                "min": 5.0,
                "max": 8.0
              },
              "add": false
            }
          ],
          "name": "minecraft:diamond"
        },
        {
          "type": "minecraft:item",
          "weight": 10,
          "name": "supplementaries:bomb_blue"
        },
        {
          "type": "minecraft:item",
          "weight": 10,
          "functions": [
            {
              "function": "minecraft:set_count",
              "count": {
                "type": "minecraft:uniform",
                "min": 1.0,
                "max": 4.0
              },
              "add": false
            }
          ],
          "name": "minecraft:ender_pearl"
        },
        {
          "type": "minecraft:item",
          "weight": 10,
          "functions": [
            {
              "function": "minecraft:set_count",
              "count": {
                "type": "minecraft:uniform",
                "min": 4.0,
                "max": 12.0
              },
              "add": false
            }
          ],
          "name": "minecraft:slime_ball"
        },
        {
          "type": "minecraft:item",
          "weight": 2,
          "name": "cobblemon:master_ball"
        },
        {
          "type": "minecraft:item",
          "weight": 5,
          "functions": [
            {
              "function": "minecraft:set_count",
              "count": {
                "type": "minecraft:uniform",
                "min": 1.0,
                "max": 2.0
              },
              "add": false
            }
          ],
          "name": "cobblemon:exp_candy_xl"
        },
        {
          "type": "minecraft:item",
          "weight": 2,
          "name": "artifacts:cross_necklace"
        },
        {
          "type": "minecraft:item",
          "weight": 2,
          "name": "artifacts:panic_necklace"
        },
        {
          "type": "minecraft:item",
          "weight": 2,
          "name": "artifacts:shock_pendant"
        },
        {
          "type": "minecraft:item",
          "weight": 2,
          "name": "artifacts:flame_pendant"
        },
        {
          "type": "minecraft:item",
          "weight": 2,
          "name": "artifacts:thorn_pendant"
        },
        {
          "type": "minecraft:item",
          "weight": 2,
          "name": "artifacts:charm_of_sinking"
        },
        {
          "type": "minecraft:item",
          "weight": 2,
          "name": "artifacts:chorus_totem"
        },
        {
          "type": "minecraft:item",
          "weight": 2,
          "name": "artifacts:helium_flamingo"
        },
        {
          "type": "minecraft:item",
          "weight": 2,
          "name": "artifacts:digging_claws"
        },
        {
          "type": "minecraft:item",
          "weight": 2,
          "name": "artifacts:feral_claws"
        },
        {
          "type": "minecraft:item",
          "weight": 2,
          "name": "artifacts:power_glove"
        },
        {
          "type": "minecraft:item",
          "weight": 2,
          "name": "artifacts:fire_gauntlet"
        },
        {
          "type": "minecraft:item",
          "weight": 2,
          "name": "artifacts:vampiric_glove"
        },
        {
          "type": "minecraft:item",
          "weight": 2,
          "name": "artifacts:aqua_dashers"
        },
        {
          "type": "minecraft:item",
          "weight": 2,
          "name": "artifacts:bunny_hoppers"
        },
        {
          "type": "minecraft:item",
          "weight": 2,
          "name": "artifacts:kitty_slippers"
        },
        {
          "type": "minecraft:item",
          "weight": 2,
          "name": "artifacts:running_shoes"
        },
        {
          "type": "minecraft:item",
          "weight": 2,
          "name": "artifacts:snowshoes"
        },
        {
          "type": "minecraft:item",
          "weight": 2,
          "name": "artifacts:steadfast_spikes"
        },
        {
          "type": "minecraft:item",
          "weight": 2,
          "name": "artifacts:flippers"
        },
        {
          "type": "minecraft:item",
          "weight": 2,
          "name": "artifacts:rooted_boots"
        }
      ]
    }
  ]
}
