{
  "type": "minecraft:crafting_shaped",
  "pattern": [
  	"PCP",
    "aGg",
    "PEP"
  ],
  "key": {
  	"P": {
      "tag": "minecraft:planks"
    },
    "a": {
      "item": "minecraft:spyglass"
    },
    "C": {
      "item": "minecraft:comparator"
    },
    "E": {
      "tag": "c:ender_pearls"
    },
    "G": {
      "item": "minecraft:glowstone"
    },
    "g": {
      "item": "minecraft:glass"
    }
  },
  "result": {
    "item": "toms_storage:ts.wireless_terminal"
  }
}