{
  "species": "cobblemon:dartrix",
  "order": 1,
  "variations": [
    {
      "aspects": ["region-bias-hisui"],
      "poser": "cobblemon:dartrix_hisui_bias",
      "model": "cobblemon:dartrix_hisui_bias.geo",
      "texture": "cobblemon:textures/pokemon/0723_dartrix/dartrix_hisui_bias.png",
      "layers": []
    },
    {
      "aspects": [
        "region-bias-hisui",
		"shiny"
      ],
      "texture": "cobblemon:textures/pokemon/0723_dartrix/dartrix_hisui_bias_shiny.png"
    },
	{
      "aspects": [
        "region-bias-hisui",
		"female"
      ],
      "texture": "cobblemon:textures/pokemon/0723_dartrix/dartrix_hisui_bias_female.png"
    },
	{
      "aspects": [
        "region-bias-hisui",
		"shiny",
		"female"
      ],
      "texture": "cobblemon:textures/pokemon/0723_dartrix/dartrix_hisui_bias_female_shiny.png"
    }
    
  ]
}
