{
  "species": "cobblemon:ogerponteal",
  "order": 3,
  "variations": [
    {
      "aspects": [],
      "poser": "cobblemon:ogerpon_teal",
      "model": "cobblemon:ogerpon_teal.geo",
      "texture": "cobblemon:textures/pokemon/1017_ogerpon/ogerpon.png",
      "layers": [
	  {
			"name": "glow",
			"texture": "cobblemon:textures/pokemon/1017_ogerpon/ogerpon_emissive.png",
			"emissive": true
	  }
	  ]
    },
    {
      "aspects": ["shiny"],
      "texture": "cobblemon:textures/pokemon/1017_ogerpon/ogerpon_shiny.png"
    }
  ]
}