{
  "species": "cobblemon:ogerponwater",
  "order": 4,
  "variations": [
    {
      "aspects": [],
      "poser": "cobblemon:ogerpon_water",
      "model": "cobblemon:ogerpon_water.geo",
      "texture": "cobblemon:textures/pokemon/1017_ogerpon/ogerpon_water.png",
      "layers": [
	  {
			"name": "glow",
			"texture": "cobblemon:textures/pokemon/1017_ogerpon/ogerpon_emissive_water.png",
			"emissive": true
	  }
	  ]
    },
    {
      "aspects": ["shiny"],
      "texture": "cobblemon:textures/pokemon/1017_ogerpon/ogerpon_water_shiny.png"
    }
  ]
}